Contig,Pred,Score
HP-T1-6_contig.fa_viral_105,virulent,0.9998722
HP-T1-6_contig.fa_viral_109,virulent,0.9998722
HP-T1-6_contig.fa_viral_115,virulent,0.6639572
HP-T1-6_contig.fa_viral_119,temperate,0.9998593
HP-T1-6_contig.fa_viral_123,temperate,0.8531445
HP-T1-6_contig.fa_viral_124,temperate,0.9372951
HP-T1-6_contig.fa_viral_137,temperate,0.9997173
HP-T1-6_contig.fa_viral_138,virulent,0.5477473
HP-T1-6_contig.fa_viral_140,temperate,0.99980307
HP-T1-6_contig.fa_viral_141,virulent,0.99971455
HP-T1-6_contig.fa_viral_143,temperate,0.9963778
HP-T1-6_contig.fa_viral_147,virulent,0.99987316
HP-T1-6_contig.fa_viral_148,virulent,0.8148001
HP-T1-6_contig.fa_viral_149,virulent,0.6207928
HP-T1-6_contig.fa_viral_152,virulent,0.99987406
HP-T1-6_contig.fa_viral_154,temperate,0.99986035
HP-T1-6_contig.fa_viral_155,temperate,0.99985975
HP-T1-6_contig.fa_viral_159,virulent,0.9992864
HP-T1-6_contig.fa_viral_160,virulent,0.82149357
HP-T1-6_contig.fa_viral_162,temperate,0.9556029
HP-T1-6_contig.fa_viral_163,virulent,0.9997874
HP-T1-6_contig.fa_viral_168,temperate,0.9615489
HP-T1-6_contig.fa_viral_171,virulent,0.61826473
SC-T1-6_contig.fa_viral_5,virulent,0.60051244
SC-T1-6_contig.fa_viral_8,temperate,0.99986035
SC-T1-6_contig.fa_viral_14,virulent,0.5269943
SC-T1-6_contig.fa_viral_16,virulent,0.9994497
SC-T1-6_contig.fa_viral_21,virulent,0.5311996
SC-T1-6_contig.fa_viral_25,virulent,0.93219477
SC-T1-6_contig.fa_viral_26,temperate,0.9998574
SC-T1-6_contig.fa_viral_28,temperate,0.99985975
SC-T1-6_contig.fa_viral_30,temperate,0.71969366
SC-T1-6_contig.fa_viral_31,virulent,0.9998091
RP-T1-6_contig.fa_viral_1,virulent,0.99987465
RP-T1-6_contig.fa_viral_2,temperate,0.8385194
RP-T1-6_contig.fa_viral_5,virulent,0.9998574
RP-T1-6_contig.fa_viral_8,virulent,0.62251693
RP-T1-6_contig.fa_viral_12,virulent,0.9998727
RP-T1-6_contig.fa_viral_14,temperate,0.988991
RP-T1-6_contig.fa_viral_15,virulent,0.8795716
RP-T1-6_contig.fa_viral_16,temperate,0.9716982
RP-T1-6_contig.fa_viral_17,temperate,0.9998608
RP-T1-6_contig.fa_viral_22,temperate,0.99986035
RP-T1-6_contig.fa_viral_23,virulent,0.99987465
RP-T1-6_contig.fa_viral_25,temperate,0.77311724
RP-T1-6_contig.fa_viral_26,temperate,0.93903023
RP-T1-6_contig.fa_viral_29,temperate,0.9998593
RP-T1-6_contig.fa_viral_32,temperate,0.87038094
RP-T1-6_contig.fa_viral_33,temperate,0.9998593
RP-T1-6_contig.fa_viral_36,temperate,0.9914234
RP-T1-6_contig.fa_viral_37,temperate,0.9780413
RP-T1-6_contig.fa_viral_39,virulent,0.8699505
RP-T1-6_contig.fa_viral_40,temperate,0.99984556
RP-T1-6_contig.fa_viral_41,virulent,0.6123141
RP-T1-6_contig.fa_viral_42,temperate,0.83950573
RP-T1-6_contig.fa_viral_46,temperate,0.99986035
RP-T1-6_contig.fa_viral_52,temperate,0.6423465
RP-T1-6_contig.fa_viral_55,virulent,0.99987406
UAB-T1-6_contig.fa_viral_37,temperate,0.9993682
UAB-T1-6_contig.fa_viral_38,temperate,0.99983126
UAB-T1-6_contig.fa_viral_39,temperate,0.5256388
UAB-T1-6_contig.fa_viral_45,temperate,0.9998593
UAB-T1-6_contig.fa_viral_46,virulent,0.9998736
UAB-T1-6_contig.fa_viral_50,temperate,0.9716982
UAB-T1-6_contig.fa_viral_51,virulent,0.9998522
UAB-T1-6_contig.fa_viral_58,virulent,0.911695
UAB-T1-6_contig.fa_viral_61,virulent,0.59400743
UAB-T1-6_contig.fa_viral_64,temperate,0.99965537
UAB-T1-6_contig.fa_viral_67,temperate,0.99974585
UAB-T1-6_contig.fa_viral_68,temperate,0.88097775
UAB-T1-6_contig.fa_viral_72,temperate,0.87677944
UAB-T1-6_contig.fa_viral_75,virulent,0.99987465
UAB-T1-6_contig.fa_viral_76,temperate,0.8859319
UAB-T1-6_contig.fa_viral_77,temperate,0.8682827
RP-T1-3_contig.fa_viral_811,virulent,0.9987074
RP-T1-3_contig.fa_viral_815,virulent,0.9998736
RP-T1-3_contig.fa_viral_822,virulent,0.9998651
RP-T1-3_contig.fa_viral_824,virulent,0.99987173
RP-T1-3_contig.fa_viral_825,virulent,0.99987465
RP-T1-3_contig.fa_viral_830,temperate,0.9986443
RP-T1-3_contig.fa_viral_834,virulent,0.99646807
RP-T1-3_contig.fa_viral_836,temperate,0.947091
RP-T1-3_contig.fa_viral_838,virulent,0.97492987
RP-T1-3_contig.fa_viral_839,temperate,0.99985975
RP-T1-3_contig.fa_viral_842,temperate,0.9997692
RP-T1-3_contig.fa_viral_845,virulent,0.99987406
RP-T1-3_contig.fa_viral_846,temperate,0.9988515
RP-T1-3_contig.fa_viral_849,virulent,0.99986404
RP-T1-3_contig.fa_viral_860,virulent,0.99987465
HP-T1-3_contig.fa_viral_112,temperate,0.99986035
HP-T1-3_contig.fa_viral_113,virulent,0.99987316
HP-T1-3_contig.fa_viral_114,virulent,0.99987406
HP-T1-3_contig.fa_viral_117,temperate,0.9997335
HP-T1-6_contig.fa_provirus_1,virulent,0.99987465
HP-T1-6_contig.fa_provirus_3,virulent,0.9998736
HP-T1-6_contig.fa_provirus_7,temperate,0.98988205
HP-T1-6_contig.fa_viral_2,virulent,0.99987406
HP-T1-6_contig.fa_viral_7,temperate,0.99986035
HP-T1-6_contig.fa_viral_8,virulent,0.99987465
HP-T1-6_contig.fa_viral_10,virulent,0.9998722
HP-T1-6_contig.fa_viral_12,virulent,0.9998727
HP-T1-6_contig.fa_viral_14,temperate,0.6224561
HP-T1-6_contig.fa_viral_20,virulent,0.9998508
HP-T1-6_contig.fa_viral_21,virulent,0.9998736
HP-T1-6_contig.fa_viral_23,virulent,0.96196705
HP-T1-6_contig.fa_viral_24,temperate,0.96079546
HP-T1-6_contig.fa_viral_26,virulent,0.9976676
HP-T1-6_contig.fa_viral_28,temperate,0.5020403
SC-T1-9_contig.fa_viral_124,temperate,0.99986035
SC-T1-3_contig.fa_viral_125,temperate,0.7718006
SC-T1-3_contig.fa_viral_129,temperate,0.9983446
SC-T1-3_contig.fa_viral_130,temperate,0.9998588
SC-T1-3_contig.fa_viral_131,virulent,0.99987406
SC-T1-3_contig.fa_viral_133,virulent,0.9941459
SC-T1-3_contig.fa_viral_134,temperate,0.9977212
SC-T1-3_contig.fa_viral_135,temperate,0.9716982
SC-T1-3_contig.fa_viral_139,virulent,0.56507885
SC-T1-3_contig.fa_viral_141,temperate,0.98315924
SC-T1-3_contig.fa_viral_143,virulent,0.8676045
SC-T1-3_contig.fa_viral_144,virulent,0.94075716
SC-T1-3_contig.fa_viral_149,virulent,0.99987406
SC-T1-3_contig.fa_viral_156,temperate,0.9996201
SC-T1-3_contig.fa_viral_158,temperate,0.93755734
SC-T1-3_contig.fa_viral_160,virulent,0.5508657
SC-T1-3_contig.fa_viral_164,temperate,0.9998565
SC-T1-3_contig.fa_viral_165,temperate,0.9535326
SC-T1-3_contig.fa_viral_167,temperate,0.99985975
SC-T1-3_contig.fa_viral_168,temperate,0.8290595
SC-T1-3_contig.fa_viral_170,virulent,0.9998679
SC-T1-3_contig.fa_viral_171,virulent,0.99987465
SC-T1-3_contig.fa_viral_172,temperate,0.9887103
SC-T1-3_contig.fa_viral_173,temperate,0.8682827
SC-T1-3_contig.fa_viral_175,temperate,0.9236421
SC-T1-3_contig.fa_viral_178,temperate,0.99985975
SC-T1-3_contig.fa_viral_179,temperate,0.99479705
SC-T1-3_contig.fa_viral_182,temperate,0.99986035
SC-T1-3_contig.fa_viral_187,virulent,0.99987465
SC-T1-3_contig.fa_viral_195,temperate,0.9481363
SC-T1-3_contig.fa_viral_196,temperate,0.99985695
SC-T1-3_contig.fa_viral_202,virulent,0.9998693
RP-T1-3_contig.fa_viral_163,temperate,0.9998588
RP-T1-3_contig.fa_viral_164,temperate,0.99985975
RP-T1-3_contig.fa_viral_165,virulent,0.6547335
RP-T1-3_contig.fa_viral_168,virulent,0.74078906
RP-T1-3_contig.fa_viral_172,temperate,0.8490515
RP-T1-3_contig.fa_viral_173,temperate,0.71767217
RP-T1-3_contig.fa_viral_175,temperate,0.9998565
RP-T1-3_contig.fa_viral_180,temperate,0.9716982
RP-T1-3_contig.fa_viral_183,virulent,0.62462676
HP-T1-9_contig.fa_viral_7,temperate,0.99899375
HP-T1-9_contig.fa_viral_9,virulent,0.99987316
HP-T1-9_contig.fa_viral_11,temperate,0.9701147
HP-T1-9_contig.fa_viral_13,virulent,0.9488496
HP-T1-9_contig.fa_viral_14,temperate,0.99986035
HP-T1-9_contig.fa_viral_16,virulent,0.6187888
HP-T1-9_contig.fa_viral_17,temperate,0.99985975
HP-T1-9_contig.fa_viral_19,temperate,0.99986035
HP-T1-9_contig.fa_viral_20,temperate,0.929188
HP-T1-9_contig.fa_viral_22,virulent,0.99987465
HP-T1-9_contig.fa_viral_25,virulent,0.9998684
HP-T1-9_contig.fa_viral_27,temperate,0.9983705
HP-T1-9_contig.fa_viral_28,temperate,0.7966938
HP-T1-9_contig.fa_viral_32,virulent,0.9997783
HP-T1-9_contig.fa_viral_33,virulent,0.9998522
HP-T1-9_contig.fa_viral_37,virulent,0.9998736
HP-T1-9_contig.fa_viral_38,temperate,0.9998593
HP-T1-9_contig.fa_viral_39,virulent,0.99986404
HP-T1-9_contig.fa_viral_40,virulent,0.7875934
HP-T1-9_contig.fa_viral_41,temperate,0.9997487
HP-T1-9_contig.fa_viral_42,virulent,0.99987406
HP-T1-9_contig.fa_viral_44,virulent,0.5499342
HP-T1-9_contig.fa_viral_45,temperate,0.99986035
HP-T1-9_contig.fa_viral_46,virulent,0.5105417
HP-T1-9_contig.fa_viral_47,temperate,0.9997912
HP-T1-9_contig.fa_viral_48,virulent,0.99987406
HP-T1-9_contig.fa_viral_52,temperate,0.9974312
HP-T1-9_contig.fa_viral_54,temperate,0.99985975
HP-T1-9_contig.fa_viral_55,virulent,0.99986404
HP-T1-9_contig.fa_viral_67,virulent,0.81417876
RP-T1-3_contig.fa_viral_462,virulent,0.7407891
RP-T1-3_contig.fa_viral_463,virulent,0.51450694
RP-T1-3_contig.fa_viral_466,temperate,0.8116113
RP-T1-3_contig.fa_viral_468,virulent,0.9488496
RP-T1-3_contig.fa_viral_474,temperate,0.8116113
RP-T1-3_contig.fa_viral_476,temperate,0.8759056
RP-T1-3_contig.fa_viral_481,temperate,0.99986035
RP-T1-3_contig.fa_viral_484,virulent,0.99987465
RP-T1-3_contig.fa_viral_488,temperate,0.999062
RP-T1-3_contig.fa_viral_489,temperate,0.99986035
RP-T1-3_contig.fa_viral_494,temperate,0.99985975
HP-T1-9_contig.fa_viral_225,virulent,0.98827
HP-T1-9_contig.fa_viral_226,temperate,0.9998593
HP-T1-9_contig.fa_viral_227,virulent,0.99987465
HP-T1-9_contig.fa_viral_230,temperate,0.9060293
HP-T1-9_contig.fa_viral_233,temperate,0.9987929
HP-T1-9_contig.fa_viral_234,virulent,0.9991097
HP-T1-9_contig.fa_viral_236,temperate,0.81631076
HP-T1-9_contig.fa_viral_238,virulent,0.99987406
HP-T1-9_contig.fa_viral_239,virulent,0.94155943
HP-T1-9_contig.fa_viral_241,temperate,0.99985975
HP-T1-9_contig.fa_viral_243,temperate,0.7840858
HP-T1-9_contig.fa_viral_248,temperate,0.86177886
HP-T1-9_contig.fa_viral_250,temperate,0.9969962
HP-T1-9_contig.fa_viral_252,temperate,0.9998588
HP-T1-9_contig.fa_viral_253,virulent,0.99987173
HP-T1-9_contig.fa_viral_254,virulent,0.99984497
HP-T1-9_contig.fa_viral_255,temperate,0.99750835
HP-T1-9_contig.fa_viral_256,virulent,0.99987465
HP-T1-9_contig.fa_viral_257,temperate,0.9474754
HP-T1-9_contig.fa_viral_263,virulent,0.9998736
HP-T1-9_contig.fa_viral_264,temperate,0.99985975
UAB-T1-3_contig.fa_viral_10,temperate,0.98824245
UAB-T1-3_contig.fa_viral_19,temperate,0.99986035
UAB-T1-3_contig.fa_viral_33,virulent,0.99987465
UAB-T1-3_contig.fa_viral_53,temperate,0.9716982
UAB-T1-6_contig.fa_provirus_6,temperate,0.99984497
UAB-T1-6_contig.fa_provirus_7,virulent,0.7476671
UAB-T1-6_contig.fa_provirus_8,temperate,0.9984729
UAB-T1-6_contig.fa_provirus_9,temperate,0.99986035
UAB-T1-6_contig.fa_viral_2,temperate,0.9991457
UAB-T1-6_contig.fa_viral_4,temperate,0.9994475
RP-T1-3_contig.fa_viral_443,temperate,0.99986035
RP-T1-3_contig.fa_viral_446,virulent,0.680485
RP-T1-3_contig.fa_viral_447,temperate,0.99986035
RP-T1-3_contig.fa_viral_449,virulent,0.99986315
RP-T1-3_contig.fa_viral_450,virulent,0.7371873
RP-T1-3_contig.fa_viral_455,virulent,0.99987316
RP-T1-3_contig.fa_viral_457,temperate,0.99954516
RP-T1-3_contig.fa_viral_459,temperate,0.9915436
RP-T1-3_contig.fa_viral_460,virulent,0.9060614
SC-T1-9_contig.fa_viral_125,virulent,0.99984217
SC-T1-9_contig.fa_viral_126,virulent,0.60051244
SC-T1-9_contig.fa_viral_128,temperate,0.99986035
SC-T1-9_contig.fa_viral_129,temperate,0.92928046
SC-T1-9_contig.fa_viral_131,temperate,0.9953903
SC-T1-9_contig.fa_viral_136,temperate,0.99479705
SC-T1-9_contig.fa_viral_142,temperate,0.9998593
SC-T1-9_contig.fa_viral_146,virulent,0.99987406
SC-T1-9_contig.fa_viral_147,temperate,0.9990854
SC-T1-9_contig.fa_viral_157,temperate,0.88097775
SC-T1-9_contig.fa_viral_161,virulent,0.5525527
SC-T1-9_contig.fa_viral_163,temperate,0.9998083
SC-T1-9_contig.fa_viral_169,temperate,0.9982647
SC-T1-9_contig.fa_viral_179,virulent,0.99987406
SC-T1-9_contig.fa_viral_185,temperate,0.9998574
SC-T1-9_contig.fa_viral_190,virulent,0.99987465
SC-T1-9_contig.fa_viral_195,temperate,0.86190945
SC-T1-9_contig.fa_viral_198,virulent,0.74078906
SC-T1-9_contig.fa_viral_201,temperate,0.99985975
SC-T1-9_contig.fa_viral_203,virulent,0.7700283
RC-T1-3_contig.fa_viral_74,virulent,0.99987465
RC-T1-3_contig.fa_viral_83,virulent,0.9998736
RC-T1-3_contig.fa_viral_84,temperate,0.9660603
RC-T1-3_contig.fa_viral_85,virulent,0.99987406
RC-T1-3_contig.fa_viral_86,virulent,0.99987406
RC-T1-3_contig.fa_viral_88,virulent,0.9998736
RC-T1-3_contig.fa_viral_92,temperate,0.99986035
RC-T1-3_contig.fa_viral_93,virulent,0.9425067
RC-T1-6_contig.fa_viral_8,temperate,0.9432978
RC-T1-6_contig.fa_viral_11,temperate,0.8682827
RC-T1-6_contig.fa_viral_18,temperate,0.99467087
RC-T1-6_contig.fa_viral_19,virulent,0.99985313
RC-T1-6_contig.fa_viral_21,temperate,0.9896977
RC-T1-6_contig.fa_viral_22,temperate,0.8682827
RC-T1-6_contig.fa_viral_29,temperate,0.9997764
RC-T1-6_contig.fa_viral_31,temperate,0.8682827
RC-T1-6_contig.fa_viral_34,temperate,0.9696857
RC-T1-6_contig.fa_viral_38,temperate,0.9889134
RC-T1-6_contig.fa_viral_42,virulent,0.99987465
RC-T1-6_contig.fa_viral_43,virulent,0.52565956
RC-T1-6_contig.fa_viral_46,temperate,0.999651
RC-T1-9_contig.fa_provirus_1,temperate,0.6407931
RC-T1-9_contig.fa_provirus_3,virulent,0.9906824
Ex45-T1-3_contig.fa_viral_50,temperate,0.96941835
HP-T1-9_contig.fa_viral_151,temperate,0.99986035
HP-T1-9_contig.fa_viral_154,virulent,0.9998134
HP-T1-9_contig.fa_viral_155,virulent,0.9998693
HP-T1-9_contig.fa_viral_162,temperate,0.5074413
HP-T1-9_contig.fa_viral_164,temperate,0.92031085
HP-T1-9_contig.fa_viral_166,temperate,0.9998574
8-T1-6_contig.fa_viral_14,virulent,0.65364563
8-T1-6_contig.fa_viral_15,virulent,0.89220375
8-T1-6_contig.fa_viral_16,temperate,0.8682827
8-T1-9_contig.fa_viral_4,temperate,0.8678792
8-T1-9_contig.fa_viral_5,temperate,0.99833584
8-T1-9_contig.fa_viral_10,virulent,0.99987465
8-T1-9_contig.fa_viral_12,virulent,0.89378464
8-T1-9_contig.fa_viral_16,virulent,0.9995943
8-T1-9_contig.fa_viral_19,virulent,0.9998736
8-T1-9_contig.fa_viral_23,temperate,0.9367006
8-T1-9_contig.fa_viral_28,virulent,0.99987316
8-T1-9_contig.fa_viral_33,temperate,0.8889331
8-T1-9_contig.fa_viral_39,virulent,0.99986744
8-T1-9_contig.fa_viral_42,virulent,0.9998123
Ex45-T1-3_contig.fa_viral_3,virulent,0.6548839
Ex45-T1-3_contig.fa_viral_5,virulent,0.5947884
Ex45-T1-3_contig.fa_viral_8,temperate,0.7995616
Ex45-T1-3_contig.fa_viral_14,temperate,0.982052
Ex45-T1-3_contig.fa_viral_17,temperate,0.9991271
Ex45-T1-3_contig.fa_viral_24,virulent,0.9998736
Ex45-T1-3_contig.fa_viral_34,temperate,0.99985975
Ex45-T1-3_contig.fa_viral_40,virulent,0.6264026
RP-T1-3_contig.fa_viral_41,virulent,0.9998727
RP-T1-3_contig.fa_viral_44,temperate,0.9720796
RP-T1-3_contig.fa_viral_45,temperate,0.7314024
RP-T1-3_contig.fa_viral_48,temperate,0.85988003
RP-T1-3_contig.fa_viral_50,temperate,0.8595514
RP-T1-3_contig.fa_viral_52,virulent,0.59076476
HP-T1-9_contig.fa_viral_68,temperate,0.9998593
HP-T1-9_contig.fa_viral_72,temperate,0.9994475
HP-T1-9_contig.fa_viral_74,virulent,0.99987465
HP-T1-9_contig.fa_viral_76,virulent,0.80780196
HP-T1-9_contig.fa_viral_78,temperate,0.9879385
HP-T1-9_contig.fa_viral_82,virulent,0.99987465
HP-T1-9_contig.fa_viral_83,temperate,0.99986035
HP-T1-9_contig.fa_viral_85,temperate,0.9998579
HP-T1-9_contig.fa_viral_86,temperate,0.99979925
HP-T1-9_contig.fa_viral_87,virulent,0.9998727
HP-T1-9_contig.fa_viral_88,virulent,0.998982
HP-T1-9_contig.fa_viral_89,temperate,0.99986035
HP-T1-9_contig.fa_viral_91,temperate,0.99986035
HP-T1-9_contig.fa_viral_92,virulent,0.7667904
HP-T1-9_contig.fa_viral_94,temperate,0.99986035
HP-T1-9_contig.fa_viral_97,temperate,0.9839584
HP-T1-9_contig.fa_viral_98,virulent,0.99987465
HP-T1-9_contig.fa_viral_100,virulent,0.9996813
HP-T1-9_contig.fa_viral_101,temperate,0.99985695
HP-T1-9_contig.fa_viral_103,temperate,0.9998588
HP-T1-9_contig.fa_viral_104,virulent,0.99987465
HP-T1-9_contig.fa_viral_106,virulent,0.99987465
HP-T1-9_contig.fa_viral_107,virulent,0.99568546
HP-T1-9_contig.fa_viral_108,temperate,0.9995762
HP-T1-9_contig.fa_viral_110,virulent,0.99816185
HP-T1-9_contig.fa_viral_111,temperate,0.99986035
HP-T1-9_contig.fa_viral_112,temperate,0.95481104
HP-T1-9_contig.fa_viral_115,temperate,0.9998588
HP-T1-9_contig.fa_viral_120,virulent,0.92317635
HP-T1-9_contig.fa_viral_121,temperate,0.9998574
HP-T1-9_contig.fa_viral_122,temperate,0.999844
HP-T1-9_contig.fa_viral_125,temperate,0.99985975
HP-T1-9_contig.fa_viral_128,virulent,0.5217229
HP-T1-9_contig.fa_viral_130,temperate,0.79379433
HP-T1-9_contig.fa_viral_133,virulent,0.9998684
HP-T1-9_contig.fa_viral_136,temperate,0.9716982
HP-T1-9_contig.fa_viral_141,temperate,0.9997101
HP-T1-9_contig.fa_viral_147,virulent,0.61826473
HP-T1-9_contig.fa_viral_149,virulent,0.99987036
HP-T1-9_contig.fa_viral_150,temperate,0.7119007
RP-T1-9_contig.fa_viral_169,temperate,0.9998579
RP-T1-9_contig.fa_viral_173,virulent,0.98468095
RP-T1-9_contig.fa_viral_174,temperate,0.9969959
RP-T1-9_contig.fa_viral_175,temperate,0.9998593
RP-T1-9_contig.fa_viral_176,virulent,0.99987465
RP-T1-9_contig.fa_viral_179,temperate,0.9716982
RP-T1-9_contig.fa_viral_184,temperate,0.9998579
RP-T1-9_contig.fa_viral_185,temperate,0.9997435
RP-T1-9_contig.fa_viral_190,temperate,0.99986035
RP-T1-9_contig.fa_viral_194,virulent,0.76679057
RP-T1-9_contig.fa_viral_197,virulent,0.9862678
RP-T1-9_contig.fa_viral_208,virulent,0.9274421
SC-T1-3_contig.fa_provirus_2,temperate,0.9998593
SC-T1-3_contig.fa_provirus_3,temperate,0.9844312
SC-T1-3_contig.fa_provirus_11,temperate,0.99901414
SC-T1-3_contig.fa_provirus_12,temperate,0.9942803
SC-T1-3_contig.fa_viral_2,temperate,0.99985695
RP-T1-3_contig.fa_viral_861,temperate,0.6162038
RP-T1-3_contig.fa_viral_863,temperate,0.99986035
RP-T1-3_contig.fa_viral_866,virulent,0.7407891
RP-T1-3_contig.fa_viral_867,temperate,0.93169856
RP-T1-3_contig.fa_viral_875,temperate,0.99982554
RP-T1-3_contig.fa_viral_876,temperate,0.99986035
RP-T1-3_contig.fa_viral_879,temperate,0.943207
RP-T1-6_contig.fa_provirus_11,virulent,0.99987465
RP-T1-6_contig.fa_provirus_12,temperate,0.9823239
RP-T1-6_contig.fa_provirus_14,virulent,0.9998722
RP-T1-6_contig.fa_provirus_19,virulent,0.87600225
RP-T1-6_contig.fa_provirus_20,virulent,0.95776105
RP-T1-6_contig.fa_provirus_22,virulent,0.99984974
SC-T1-6_contig.fa_viral_157,temperate,0.8682827
SC-T1-6_contig.fa_viral_166,temperate,0.9977212
SC-T1-6_contig.fa_viral_168,temperate,0.99986035
SC-T1-6_contig.fa_viral_172,temperate,0.9663373
SC-T1-6_contig.fa_viral_175,temperate,0.9998508
SC-T1-6_contig.fa_viral_183,temperate,0.6385933
SC-T1-6_contig.fa_viral_184,virulent,0.76373947
SC-T1-6_contig.fa_viral_189,temperate,0.99801403
SC-T1-6_contig.fa_viral_192,virulent,0.97430176
SC-T1-6_contig.fa_viral_198,temperate,0.87677944
SC-T1-6_contig.fa_viral_199,temperate,0.99985975
HP-T1-9_contig.fa_viral_170,temperate,0.99550164
HP-T1-9_contig.fa_viral_173,temperate,0.9998588
HP-T1-9_contig.fa_viral_174,virulent,0.9998665
HP-T1-9_contig.fa_viral_175,virulent,0.92222816
HP-T1-9_contig.fa_viral_176,temperate,0.9051851
HP-T1-9_contig.fa_viral_177,virulent,0.99987406
HP-T1-9_contig.fa_viral_178,temperate,0.8789687
HP-T1-9_contig.fa_viral_182,virulent,0.99983215
HP-T1-9_contig.fa_viral_184,temperate,0.9994475
HP-T1-9_contig.fa_viral_185,temperate,0.9855873
HP-T1-9_contig.fa_viral_186,temperate,0.9599924
HP-T1-9_contig.fa_viral_188,virulent,0.99987406
HP-T1-9_contig.fa_viral_189,virulent,0.9788008
HP-T1-9_contig.fa_viral_190,virulent,0.5499341
HP-T1-9_contig.fa_viral_194,virulent,0.99987465
HP-T1-9_contig.fa_viral_197,temperate,0.99986035
HP-T1-9_contig.fa_viral_198,virulent,0.99987316
HP-T1-9_contig.fa_viral_200,temperate,0.9560724
HP-T1-9_contig.fa_viral_202,temperate,0.9548794
HP-T1-9_contig.fa_viral_204,virulent,0.9488496
HP-T1-9_contig.fa_viral_205,temperate,0.99905413
HP-T1-9_contig.fa_viral_211,virulent,0.9998656
HP-T1-9_contig.fa_viral_212,virulent,0.9920706
HP-T1-9_contig.fa_viral_213,temperate,0.99986035
HP-T1-9_contig.fa_viral_214,temperate,0.9969962
HP-T1-9_contig.fa_viral_219,temperate,0.99985975
HP-T1-9_contig.fa_viral_220,temperate,0.99985975
HP-T1-9_contig.fa_viral_221,virulent,0.9998722
HP-T1-9_contig.fa_viral_222,temperate,0.7840858
RP-T1-6_contig.fa_viral_75,temperate,0.5961025
RP-T1-6_contig.fa_viral_78,temperate,0.99986035
RP-T1-6_contig.fa_viral_79,temperate,0.99664706
RP-T1-6_contig.fa_viral_81,virulent,0.7062607
RP-T1-6_contig.fa_viral_82,temperate,0.83551705
RP-T1-6_contig.fa_viral_83,virulent,0.99928397
RP-T1-6_contig.fa_viral_84,virulent,0.9905329
RP-T1-6_contig.fa_viral_85,temperate,0.99917734
RP-T1-6_contig.fa_viral_88,temperate,0.9716982
RP-T1-6_contig.fa_viral_89,virulent,0.9977357
RP-T1-6_contig.fa_viral_91,virulent,0.9998369
RP-T1-6_contig.fa_viral_92,temperate,0.99833584
RP-T1-6_contig.fa_viral_93,virulent,0.99947494
RP-T1-6_contig.fa_viral_94,virulent,0.99987465
RP-T1-6_contig.fa_viral_96,temperate,0.77311724
RP-T1-6_contig.fa_viral_107,temperate,0.9716982
RP-T1-6_contig.fa_viral_109,temperate,0.99985975
RP-T1-6_contig.fa_viral_114,virulent,0.91033465
RP-T1-6_contig.fa_viral_116,virulent,0.99985975
RP-T1-6_contig.fa_viral_117,temperate,0.5164767
RP-T1-6_contig.fa_viral_119,virulent,0.6550786
RP-T1-6_contig.fa_viral_120,temperate,0.97688293
RP-T1-6_contig.fa_viral_121,temperate,0.5860878
RP-T1-6_contig.fa_viral_127,temperate,0.99278635
RP-T1-6_contig.fa_viral_128,temperate,0.8462452
RP-T1-6_contig.fa_viral_131,virulent,0.6163329
RP-T1-6_contig.fa_viral_134,virulent,0.99987125
RP-T1-6_contig.fa_viral_136,virulent,0.99987465
RP-T1-6_contig.fa_viral_139,temperate,0.96941835
RP-T1-6_contig.fa_viral_142,temperate,0.9924214
RP-T1-6_contig.fa_viral_143,temperate,0.9587406
RP-T1-6_contig.fa_viral_145,temperate,0.99664706
RP-T1-6_contig.fa_viral_148,temperate,0.9840412
RP-T1-6_contig.fa_viral_149,temperate,0.8557736
RP-T1-6_contig.fa_viral_150,virulent,0.99987316
RP-T1-6_contig.fa_viral_152,virulent,0.8275607
RP-T1-6_contig.fa_viral_153,temperate,0.99986035
RP-T1-6_contig.fa_viral_154,virulent,0.92215526
RP-T1-6_contig.fa_viral_155,temperate,0.99985975
RP-T1-6_contig.fa_viral_156,temperate,0.94597304
RP-T1-6_contig.fa_viral_157,temperate,0.943207
RP-T1-9_contig.fa_viral_36,temperate,0.99986035
RP-T1-9_contig.fa_viral_37,virulent,0.99987465
RP-T1-9_contig.fa_viral_38,temperate,0.9998593
RP-T1-9_contig.fa_viral_42,temperate,0.80753404
RP-T1-9_contig.fa_viral_44,virulent,0.99987406
RP-T1-9_contig.fa_viral_46,temperate,0.9998579
RP-T1-9_contig.fa_viral_48,temperate,0.99985975
RP-T1-9_contig.fa_viral_49,temperate,0.9971302
RP-T1-9_contig.fa_viral_57,virulent,0.9764096
SC-T1-3_contig.fa_viral_73,temperate,0.9998556
SC-T1-3_contig.fa_viral_74,virulent,0.9997623
SC-T1-3_contig.fa_viral_83,temperate,0.96941835
SC-T1-3_contig.fa_viral_85,temperate,0.8682827
SC-T1-3_contig.fa_viral_91,temperate,0.9997044
SC-T1-3_contig.fa_viral_95,temperate,0.99986035
SC-T1-3_contig.fa_viral_98,virulent,0.7407891
SC-T1-3_contig.fa_viral_100,temperate,0.99985975
SC-T1-3_contig.fa_viral_103,virulent,0.99883837
UAB-T1-6_contig.fa_viral_136,temperate,0.99985975
UAB-T1-6_contig.fa_viral_140,virulent,0.99987406
UAB-T1-6_contig.fa_viral_150,virulent,0.75366956
UAB-T1-6_contig.fa_viral_152,virulent,0.99987465
UAB-T1-6_contig.fa_viral_156,temperate,0.99986035
UAB-T1-6_contig.fa_viral_157,virulent,0.99987465
UAB-T1-6_contig.fa_viral_158,virulent,0.85680956
UAB-T1-6_contig.fa_viral_167,virulent,0.61826473
UAB-T1-6_contig.fa_viral_169,temperate,0.9998508
UAB-T1-6_contig.fa_viral_171,temperate,0.9400316
UAB-T1-6_contig.fa_viral_172,temperate,0.9716982
UAB-T1-6_contig.fa_viral_177,virulent,0.9998727
UAB-T1-6_contig.fa_viral_186,temperate,0.99664706
UAB-T1-6_contig.fa_viral_187,temperate,0.99905413
UAB-T1-6_contig.fa_viral_196,temperate,0.8630914
UAB-T1-6_contig.fa_viral_199,temperate,0.99965537
UAB-T1-6_contig.fa_viral_202,temperate,0.85577005
UAB-T1-6_contig.fa_viral_206,temperate,0.9716982
HP-T1-9_contig.fa_viral_394,virulent,0.80098635
HP-T1-9_contig.fa_viral_395,temperate,0.52525824
HP-T1-9_contig.fa_viral_396,virulent,0.6707368
HP-T1-9_contig.fa_viral_399,virulent,0.99987465
HP-T1-9_contig.fa_viral_401,virulent,0.99722385
HP-T1-9_contig.fa_viral_402,virulent,0.9998722
HP-T1-9_contig.fa_viral_409,temperate,0.99985975
RC-T1-3_contig.fa_viral_1,virulent,0.98858505
RC-T1-3_contig.fa_viral_6,virulent,0.99987465
RC-T1-3_contig.fa_viral_11,virulent,0.79693925
RC-T1-3_contig.fa_viral_12,virulent,0.56794906
RC-T1-3_contig.fa_viral_13,virulent,0.99920446
RC-T1-3_contig.fa_viral_19,virulent,0.74078906
RC-T1-3_contig.fa_viral_21,virulent,0.99987406
RC-T1-3_contig.fa_viral_23,virulent,0.6117898
RC-T1-3_contig.fa_viral_27,temperate,0.99479705
RC-T1-3_contig.fa_viral_30,temperate,0.9977212
RC-T1-3_contig.fa_viral_32,temperate,0.99979925
RC-T1-3_contig.fa_viral_33,temperate,0.7995616
RC-T1-3_contig.fa_viral_34,temperate,0.99985975
RC-T1-3_contig.fa_viral_37,temperate,0.9998588
RC-T1-3_contig.fa_viral_40,virulent,0.9998699
RC-T1-3_contig.fa_viral_41,temperate,0.7034652
RC-T1-3_contig.fa_viral_43,virulent,0.9987555
RC-T1-3_contig.fa_viral_46,temperate,0.7995616
RC-T1-3_contig.fa_viral_48,temperate,0.99986035
RC-T1-3_contig.fa_viral_52,temperate,0.990383
RC-T1-3_contig.fa_viral_55,virulent,0.99987465
HP-T1-6_contig.fa_viral_76,virulent,0.7025824
HP-T1-6_contig.fa_viral_79,temperate,0.99742466
HP-T1-6_contig.fa_viral_80,temperate,0.9981704
HP-T1-6_contig.fa_viral_83,temperate,0.99986035
HP-T1-6_contig.fa_viral_86,temperate,0.99985975
HP-T1-6_contig.fa_viral_91,temperate,0.96031946
HP-T1-6_contig.fa_viral_93,temperate,0.99986035
HP-T1-6_contig.fa_viral_95,temperate,0.62884134
HP-T1-6_contig.fa_viral_97,virulent,0.99987465
HP-T1-6_contig.fa_viral_100,temperate,0.881277
HP-T1-6_contig.fa_viral_101,temperate,0.99983495
HP-T1-6_contig.fa_viral_102,virulent,0.9847345
RP-T1-3_contig.fa_viral_502,virulent,0.9988313
RP-T1-3_contig.fa_viral_503,virulent,0.9998608
RP-T1-3_contig.fa_viral_505,temperate,0.9716982
RP-T1-3_contig.fa_viral_506,virulent,0.9488496
RP-T1-3_contig.fa_viral_507,temperate,0.9607247
RP-T1-3_contig.fa_viral_508,virulent,0.89911383
RP-T1-3_contig.fa_viral_518,temperate,0.89999574
RP-T1-3_contig.fa_viral_521,virulent,0.99987465
RP-T1-3_contig.fa_viral_522,virulent,0.5525527
RP-T1-3_contig.fa_viral_525,temperate,0.89999574
RP-T1-3_contig.fa_viral_532,temperate,0.9716982
RP-T1-3_contig.fa_viral_539,virulent,0.99987465
RP-T1-3_contig.fa_viral_540,virulent,0.9998751
RP-T1-3_contig.fa_viral_542,temperate,0.9152062
RP-T1-3_contig.fa_viral_547,temperate,0.99985975
RP-T1-3_contig.fa_viral_548,virulent,0.74078906
RP-T1-3_contig.fa_viral_552,virulent,0.9998727
RP-T1-3_contig.fa_viral_554,temperate,0.99985975
RP-T1-3_contig.fa_viral_63,temperate,0.92928046
RP-T1-3_contig.fa_viral_74,temperate,0.90639216
RP-T1-3_contig.fa_viral_76,temperate,0.96396685
RP-T1-3_contig.fa_viral_77,virulent,0.9998727
RP-T1-3_contig.fa_viral_83,virulent,0.5112745
RP-T1-3_contig.fa_viral_84,virulent,0.9600189
RP-T1-3_contig.fa_viral_85,temperate,0.99985975
RP-T1-3_contig.fa_viral_86,virulent,0.99987465
RP-T1-3_contig.fa_viral_87,temperate,0.9998369
RP-T1-3_contig.fa_viral_88,virulent,0.99987465
RP-T1-3_contig.fa_viral_92,temperate,0.99985975
RP-T1-3_contig.fa_viral_96,virulent,0.84751153
RP-T1-3_contig.fa_viral_99,virulent,0.99987406
RP-T1-3_contig.fa_viral_103,temperate,0.9994475
Ex45-T1-9_contig.fa_viral_58,temperate,0.8116113
Ex45-T1-9_contig.fa_viral_59,temperate,0.7433524
Ex45-T1-9_contig.fa_viral_64,temperate,0.7907567
Ex45-T1-9_contig.fa_viral_72,temperate,0.9998593
Ex45-T1-9_contig.fa_viral_79,temperate,0.8290595
Ex45-T1-9_contig.fa_viral_84,virulent,0.74078906
Ex45-T1-9_contig.fa_viral_86,virulent,0.99987316
Ex45-T1-9_contig.fa_viral_89,virulent,0.74284136
Ex45-T1-9_contig.fa_viral_94,temperate,0.9998536
Ex45-T1-9_contig.fa_viral_96,temperate,0.99985975
Ex45-T1-9_contig.fa_viral_100,temperate,0.9716982
Ex45-T1-9_contig.fa_viral_104,virulent,0.9998727
Ex45-T1-9_contig.fa_viral_105,temperate,0.99978495
Ex45-T1-9_contig.fa_viral_108,virulent,0.99987406
Ex45-T1-9_contig.fa_viral_109,temperate,0.828553
Ex45-T1-9_contig.fa_viral_110,virulent,0.9930231
Ex45-T1-9_contig.fa_viral_114,virulent,0.5770317
Ex45-T1-9_contig.fa_viral_119,virulent,0.99987406
Ex45-T1-9_contig.fa_viral_124,virulent,0.99987465
Ex45-T1-9_contig.fa_viral_129,temperate,0.9716982
Ex45-T1-9_contig.fa_viral_132,temperate,0.8682826
HP-T1-3_contig.fa_provirus_4,temperate,0.999662
HP-T1-3_contig.fa_viral_6,temperate,0.8116113
HP-T1-9_contig.fa_viral_270,virulent,0.75427127
HP-T1-9_contig.fa_viral_271,virulent,0.99987406
HP-T1-9_contig.fa_viral_272,temperate,0.99986035
HP-T1-9_contig.fa_viral_273,temperate,0.98791116
UAB-T1-6_contig.fa_viral_82,virulent,0.97430176
UAB-T1-6_contig.fa_viral_83,temperate,0.87325776
UAB-T1-6_contig.fa_viral_84,virulent,0.99987465
UAB-T1-6_contig.fa_viral_93,virulent,0.99853843
UAB-T1-6_contig.fa_viral_94,temperate,0.99986035
UAB-T1-6_contig.fa_viral_95,virulent,0.99987406
UAB-T1-6_contig.fa_viral_104,virulent,0.82027674
UAB-T1-6_contig.fa_viral_108,virulent,0.8393812
UAB-T1-6_contig.fa_viral_111,virulent,0.9484255
UAB-T1-6_contig.fa_viral_114,temperate,0.677835
UAB-T1-6_contig.fa_viral_115,virulent,0.9985919
UAB-T1-6_contig.fa_viral_120,temperate,0.9935144
UAB-T1-6_contig.fa_viral_126,virulent,0.5275757
UAB-T1-6_contig.fa_viral_128,temperate,0.99985975
UAB-T1-6_contig.fa_viral_131,temperate,0.99985975
UAB-T1-6_contig.fa_viral_132,temperate,0.92027545
UAB-T1-6_contig.fa_viral_133,temperate,0.99985975
RP-T1-3_contig.fa_viral_766,temperate,0.9998588
RP-T1-3_contig.fa_viral_767,virulent,0.9997828
RP-T1-3_contig.fa_viral_768,virulent,0.99987465
RP-T1-3_contig.fa_viral_769,temperate,0.95011127
RP-T1-3_contig.fa_viral_774,temperate,0.99479705
RP-T1-3_contig.fa_viral_777,temperate,0.9998574
RP-T1-3_contig.fa_viral_779,temperate,0.963556
RP-T1-3_contig.fa_viral_786,virulent,0.99987465
RP-T1-3_contig.fa_viral_788,temperate,0.99742055
RP-T1-3_contig.fa_viral_791,virulent,0.99987316
RP-T1-3_contig.fa_viral_796,virulent,0.99987465
RP-T1-3_contig.fa_viral_797,temperate,0.6207889
RP-T1-3_contig.fa_viral_803,temperate,0.99917895
RP-T1-3_contig.fa_viral_805,virulent,0.92317635
RP-T1-9_contig.fa_viral_64,virulent,0.74078906
RP-T1-9_contig.fa_viral_66,temperate,0.9971535
RP-T1-9_contig.fa_viral_78,temperate,0.99237007
RP-T1-9_contig.fa_viral_81,temperate,0.99579364
RP-T1-9_contig.fa_viral_84,temperate,0.9769103
RP-T1-9_contig.fa_viral_86,temperate,0.8116113
RP-T1-9_contig.fa_viral_91,temperate,0.9716982
RP-T1-9_contig.fa_viral_103,virulent,0.6206919
RP-T1-9_contig.fa_viral_108,temperate,0.99986035
RP-T1-9_contig.fa_viral_114,virulent,0.99987406
RP-T1-9_contig.fa_viral_116,temperate,0.99986035
RP-T1-9_contig.fa_viral_120,temperate,0.99985975
RP-T1-9_contig.fa_viral_121,virulent,0.9997027
RP-T1-9_contig.fa_viral_123,temperate,0.9716982
RP-T1-9_contig.fa_viral_126,virulent,0.65725684
RP-T1-9_contig.fa_viral_132,temperate,0.7670979
HP-T1-6_contig.fa_viral_278,virulent,0.61826473
HP-T1-6_contig.fa_viral_279,temperate,0.9998584
HP-T1-6_contig.fa_viral_282,virulent,0.99987084
HP-T1-6_contig.fa_viral_287,temperate,0.99664706
HP-T1-6_contig.fa_viral_288,virulent,0.9996577
HP-T1-6_contig.fa_viral_289,virulent,0.999784
HP-T1-6_contig.fa_viral_291,virulent,0.9906094
HP-T1-6_contig.fa_viral_293,virulent,0.99987036
HP-T1-6_contig.fa_viral_295,temperate,0.6820255
HP-T1-6_contig.fa_viral_299,temperate,0.90602946
HP-T1-6_contig.fa_viral_300,temperate,0.99824387
HP-T1-9_contig.fa_provirus_2,virulent,0.9998665
HP-T1-9_contig.fa_provirus_3,virulent,0.99987465
HP-T1-9_contig.fa_provirus_5,virulent,0.61826473
HP-T1-9_contig.fa_viral_1,virulent,0.9976533
HP-T1-9_contig.fa_viral_4,virulent,0.99987406
HP-T1-6_contig.fa_viral_31,temperate,0.9955781
HP-T1-6_contig.fa_viral_34,temperate,0.9243214
HP-T1-6_contig.fa_viral_37,temperate,0.9995981
HP-T1-6_contig.fa_viral_38,virulent,0.99987465
HP-T1-6_contig.fa_viral_39,virulent,0.99987036
HP-T1-6_contig.fa_viral_42,temperate,0.99508286
HP-T1-6_contig.fa_viral_43,temperate,0.9974036
HP-T1-6_contig.fa_viral_45,virulent,0.5311996
HP-T1-6_contig.fa_viral_46,virulent,0.7154203
HP-T1-6_contig.fa_viral_47,temperate,0.9997954
HP-T1-6_contig.fa_viral_48,virulent,0.61826473
HP-T1-6_contig.fa_viral_50,temperate,0.9969959
HP-T1-6_contig.fa_viral_52,virulent,0.9837617
HP-T1-6_contig.fa_viral_53,virulent,0.9998465
HP-T1-6_contig.fa_viral_55,virulent,0.9997886
HP-T1-6_contig.fa_viral_60,temperate,0.9994475
HP-T1-6_contig.fa_viral_61,temperate,0.99984497
HP-T1-6_contig.fa_viral_63,virulent,0.94075716
HP-T1-6_contig.fa_viral_64,virulent,0.61826473
HP-T1-6_contig.fa_viral_70,virulent,0.5601093
HP-T1-6_contig.fa_viral_73,virulent,0.99987125
HP-T1-6_contig.fa_viral_74,virulent,0.99987465
HP-T1-6_contig.fa_viral_75,temperate,0.99986035
RC-T1-9_contig.fa_viral_6,temperate,0.9161971
RC-T1-9_contig.fa_viral_7,temperate,0.99985975
RC-T1-9_contig.fa_viral_11,temperate,0.99984884
RC-T1-9_contig.fa_viral_16,virulent,0.99987125
RC-T1-9_contig.fa_viral_22,virulent,0.9998152
RC-T1-9_contig.fa_viral_25,virulent,0.768245
RC-T1-9_contig.fa_viral_27,temperate,0.99899375
RC-T1-9_contig.fa_viral_28,virulent,0.67624366
RC-T1-9_contig.fa_viral_29,temperate,0.9969962
RC-T1-9_contig.fa_viral_30,temperate,0.9839584
RC-T1-9_contig.fa_viral_36,virulent,0.99987406
RC-T1-9_contig.fa_viral_39,temperate,0.8682827
RC-T1-9_contig.fa_viral_44,virulent,0.75193566
RC-T1-9_contig.fa_viral_45,temperate,0.99986035
RC-T1-9_contig.fa_viral_48,temperate,0.9716982
RC-T1-9_contig.fa_viral_50,temperate,0.7034652
RC-T1-9_contig.fa_viral_52,temperate,0.9823389
RC-T1-9_contig.fa_viral_53,virulent,0.99987465
RC-T1-9_contig.fa_viral_57,virulent,0.6639572
SC-T1-9_contig.fa_provirus_3,virulent,0.99987406
SC-T1-9_contig.fa_viral_7,virulent,0.9998197
SC-T1-9_contig.fa_viral_14,virulent,0.5808364
SC-T1-9_contig.fa_viral_21,virulent,0.99983925
SC-T1-9_contig.fa_viral_23,temperate,0.99986035
UAB-T1-6_contig.fa_viral_239,temperate,0.99985975
UAB-T1-6_contig.fa_viral_240,virulent,0.7999318
UAB-T1-6_contig.fa_viral_243,temperate,0.9998122
UAB-T1-6_contig.fa_viral_249,temperate,0.701501
UAB-T1-6_contig.fa_viral_254,temperate,0.99985975
UAB-T1-6_contig.fa_viral_256,virulent,0.98444945
UAB-T1-6_contig.fa_viral_257,virulent,0.99987465
UAB-T1-6_contig.fa_viral_258,temperate,0.99479705
UAB-T1-6_contig.fa_viral_265,temperate,0.9484787
UAB-T1-6_contig.fa_viral_266,temperate,0.9839584
UAB-T1-6_contig.fa_viral_270,virulent,0.99987465
UAB-T1-9_contig.fa_viral_10,temperate,0.92027545
UAB-T1-9_contig.fa_viral_13,temperate,0.9931507
UAB-T1-9_contig.fa_viral_16,temperate,0.9998593
UAB-T1-9_contig.fa_viral_19,temperate,0.93131423
UAB-T1-9_contig.fa_viral_20,temperate,0.99986035
UAB-T1-9_contig.fa_viral_22,temperate,0.99985975
UAB-T1-9_contig.fa_viral_23,temperate,0.9801202
UAB-T1-9_contig.fa_viral_24,virulent,0.6005125
UAB-T1-9_contig.fa_viral_25,virulent,0.99987465
UAB-T1-9_contig.fa_viral_27,temperate,0.9998331
UAB-T1-9_contig.fa_viral_29,temperate,0.99986035
UAB-T1-9_contig.fa_viral_31,temperate,0.9996192
UAB-T1-9_contig.fa_viral_32,temperate,0.92683434
UAB-T1-9_contig.fa_viral_34,virulent,0.8031767
UAB-T1-9_contig.fa_viral_38,temperate,0.8682827
UAB-T1-9_contig.fa_viral_39,temperate,0.9955613
UAB-T1-9_contig.fa_viral_41,virulent,0.80884606
RP-T1-6_contig.fa_viral_396,temperate,0.99985975
RP-T1-6_contig.fa_viral_405,temperate,0.99986035
RP-T1-6_contig.fa_viral_408,temperate,0.7670979
RP-T1-6_contig.fa_viral_410,virulent,0.91803026
RP-T1-6_contig.fa_viral_413,temperate,0.9192637
RP-T1-6_contig.fa_viral_416,temperate,0.97830194
RP-T1-6_contig.fa_viral_417,virulent,0.999617
RP-T1-6_contig.fa_viral_418,temperate,0.99985975
RP-T1-6_contig.fa_viral_420,temperate,0.9998508
RP-T1-6_contig.fa_viral_422,temperate,0.9432978
RP-T1-6_contig.fa_viral_423,virulent,0.99987316
RP-T1-6_contig.fa_viral_428,temperate,0.9998413
RP-T1-6_contig.fa_viral_434,temperate,0.8462243
RP-T1-6_contig.fa_viral_437,virulent,0.99987406
RP-T1-6_contig.fa_viral_438,temperate,0.58004314
RP-T1-6_contig.fa_viral_444,virulent,0.6774879
RP-T1-6_contig.fa_viral_450,temperate,0.96893716
RP-T1-6_contig.fa_viral_454,virulent,0.99987316
RP-T1-6_contig.fa_viral_455,virulent,0.99987406
RP-T1-6_contig.fa_viral_456,temperate,0.939242
RP-T1-6_contig.fa_viral_158,temperate,0.8715712
RP-T1-6_contig.fa_viral_159,virulent,0.77354455
RP-T1-6_contig.fa_viral_161,temperate,0.99986035
RP-T1-6_contig.fa_viral_162,virulent,0.96149784
RP-T1-6_contig.fa_viral_163,virulent,0.89220375
RP-T1-6_contig.fa_viral_165,virulent,0.9998651
RP-T1-6_contig.fa_viral_170,temperate,0.99986035
RP-T1-6_contig.fa_viral_171,virulent,0.7142361
RP-T1-6_contig.fa_viral_175,temperate,0.9839584
RP-T1-6_contig.fa_viral_178,temperate,0.84277904
RP-T1-6_contig.fa_viral_179,temperate,0.9998006
RP-T1-6_contig.fa_viral_185,temperate,0.99861556
RP-T1-6_contig.fa_viral_187,virulent,0.6014553
RP-T1-6_contig.fa_viral_188,virulent,0.9703958
RP-T1-6_contig.fa_viral_193,temperate,0.99986035
RP-T1-6_contig.fa_viral_195,temperate,0.9387417
RP-T1-6_contig.fa_viral_200,virulent,0.99987406
11B-T1-3_contig.fa_viral_15,temperate,0.99894696
11B-T1-6_contig.fa_viral_1,temperate,0.5663206
11B-T1-6_contig.fa_viral_5,temperate,0.98731154
11B-T1-6_contig.fa_viral_8,virulent,0.9998688
11B-T1-6_contig.fa_viral_12,virulent,0.99982667
11B-T1-9_contig.fa_viral_1,virulent,0.5269943
11B-T1-9_contig.fa_viral_9,temperate,0.9997101
11B-T1-9_contig.fa_viral_10,temperate,0.99479705
11B-T1-9_contig.fa_viral_16,temperate,0.99986035
11B-T1-9_contig.fa_viral_21,virulent,0.6556647
11B-T1-9_contig.fa_viral_23,temperate,0.99479705
11B-T1-9_contig.fa_viral_27,temperate,0.9993434
11B-T1-9_contig.fa_viral_30,virulent,0.99987406
11B-T1-9_contig.fa_viral_33,temperate,0.8116113
8-T1-6_contig.fa_viral_2,temperate,0.99986035
8-T1-6_contig.fa_viral_3,temperate,0.8238209
8-T1-6_contig.fa_viral_5,temperate,0.99986035
8-T1-6_contig.fa_viral_7,temperate,0.50061935
RP-T1-3_contig.fa_viral_561,temperate,0.9385541
RP-T1-3_contig.fa_viral_568,virulent,0.5217234
RP-T1-3_contig.fa_viral_569,temperate,0.9914007
RP-T1-3_contig.fa_viral_570,temperate,0.99985975
RP-T1-3_contig.fa_viral_576,temperate,0.99986035
RP-T1-3_contig.fa_viral_580,virulent,0.5269943
RP-T1-3_contig.fa_viral_581,temperate,0.8116113
RP-T1-3_contig.fa_viral_585,temperate,0.9614173
Ex45-T1-3_contig.fa_viral_43,temperate,0.99986035
Ex45-T1-3_contig.fa_viral_46,temperate,0.99479705
HP-T1-6_contig.fa_viral_176,virulent,0.99987316
HP-T1-6_contig.fa_viral_180,virulent,0.60131556
HP-T1-6_contig.fa_viral_181,virulent,0.9863986
HP-T1-6_contig.fa_viral_183,temperate,0.67625904
HP-T1-6_contig.fa_viral_184,temperate,0.9996658
HP-T1-6_contig.fa_viral_185,temperate,0.9770674
HP-T1-6_contig.fa_viral_188,virulent,0.99976
HP-T1-6_contig.fa_viral_189,virulent,0.99987406
HP-T1-6_contig.fa_viral_194,virulent,0.9998617
HP-T1-6_contig.fa_viral_195,virulent,0.69424766
HP-T1-6_contig.fa_viral_198,temperate,0.95336926
HP-T1-6_contig.fa_viral_200,virulent,0.9996687
HP-T1-6_contig.fa_viral_201,virulent,0.9998436
HP-T1-6_contig.fa_viral_204,virulent,0.8610463
HP-T1-6_contig.fa_viral_207,temperate,0.9998593
HP-T1-6_contig.fa_viral_209,temperate,0.9998593
HP-T1-6_contig.fa_viral_210,virulent,0.9998688
HP-T1-6_contig.fa_viral_211,virulent,0.65468943
HP-T1-6_contig.fa_viral_213,virulent,0.99978447
HP-T1-6_contig.fa_viral_214,virulent,0.9294919
HP-T1-6_contig.fa_viral_215,temperate,0.99985975
HP-T1-6_contig.fa_viral_216,temperate,0.9997592
HP-T1-6_contig.fa_viral_218,virulent,0.8798087
HP-T1-6_contig.fa_viral_219,virulent,0.61826473
HP-T1-6_contig.fa_viral_224,virulent,0.99987316
HP-T1-6_contig.fa_viral_225,virulent,0.9998722
HP-T1-6_contig.fa_viral_226,temperate,0.71969366
HP-T1-6_contig.fa_viral_227,temperate,0.94071
HP-T1-6_contig.fa_viral_228,virulent,0.9979884
HP-T1-6_contig.fa_viral_231,temperate,0.957359
HP-T1-6_contig.fa_viral_235,virulent,0.99987406
HP-T1-6_contig.fa_viral_236,virulent,0.99987036
HP-T1-6_contig.fa_viral_242,virulent,0.99987406
HP-T1-6_contig.fa_viral_243,virulent,0.9998565
HP-T1-6_contig.fa_viral_244,temperate,0.8682826
HP-T1-6_contig.fa_viral_247,temperate,0.998065
HP-T1-6_contig.fa_viral_249,virulent,0.99986035
HP-T1-6_contig.fa_viral_250,temperate,0.99985975
HP-T1-6_contig.fa_viral_251,temperate,0.99985975
HP-T1-6_contig.fa_viral_252,temperate,0.8116113
HP-T1-6_contig.fa_viral_253,virulent,0.654805
HP-T1-6_contig.fa_viral_254,virulent,0.99987465
HP-T1-6_contig.fa_viral_258,virulent,0.99987316
HP-T1-6_contig.fa_viral_260,virulent,0.9776859
HP-T1-6_contig.fa_viral_262,temperate,0.99986035
HP-T1-6_contig.fa_viral_265,virulent,0.99987465
HP-T1-6_contig.fa_viral_266,virulent,0.9998574
SC-T1-3_contig.fa_viral_257,temperate,0.99986035
SC-T1-3_contig.fa_viral_258,temperate,0.9716982
SC-T1-3_contig.fa_viral_261,virulent,0.5885927
SC-T1-3_contig.fa_viral_262,temperate,0.9889134
SC-T1-3_contig.fa_viral_267,temperate,0.99986035
SC-T1-3_contig.fa_viral_268,temperate,0.8082053
SC-T1-3_contig.fa_viral_271,virulent,0.9152614
SC-T1-3_contig.fa_viral_273,virulent,0.7978896
SC-T1-3_contig.fa_viral_282,temperate,0.99985975
SC-T1-3_contig.fa_viral_285,temperate,0.99664706
SC-T1-3_contig.fa_viral_288,temperate,0.86909443
SC-T1-3_contig.fa_viral_290,virulent,0.60963804
SC-T1-3_contig.fa_viral_292,temperate,0.94656307
SC-T1-3_contig.fa_viral_295,temperate,0.9998593
SC-T1-3_contig.fa_viral_296,temperate,0.99985975
Ex45-T1-6_contig.fa_viral_79,temperate,0.99479705
Ex45-T1-6_contig.fa_viral_83,virulent,0.9144342
Ex45-T1-6_contig.fa_viral_84,virulent,0.5269943
Ex45-T1-6_contig.fa_viral_85,virulent,0.5842936
Ex45-T1-6_contig.fa_viral_95,temperate,0.8774834
Ex45-T1-6_contig.fa_viral_96,virulent,0.9998369
Ex45-T1-6_contig.fa_viral_100,virulent,0.99987465
Ex45-T1-6_contig.fa_viral_104,temperate,0.9985281
Ex45-T1-6_contig.fa_viral_109,virulent,0.99987406
Ex45-T1-6_contig.fa_viral_117,temperate,0.99986035
Ex45-T1-9_contig.fa_viral_10,virulent,0.66395724
UAB-T1-6_contig.fa_viral_6,virulent,0.99987465
UAB-T1-6_contig.fa_viral_13,temperate,0.7414797
UAB-T1-6_contig.fa_viral_14,temperate,0.99984837
UAB-T1-6_contig.fa_viral_17,virulent,0.99250025
UAB-T1-6_contig.fa_viral_20,temperate,0.99986035
UAB-T1-6_contig.fa_viral_21,virulent,0.99987465
UAB-T1-6_contig.fa_viral_23,temperate,0.99984974
UAB-T1-6_contig.fa_viral_24,virulent,0.99987465
UAB-T1-6_contig.fa_viral_28,temperate,0.99816066
UAB-T1-6_contig.fa_viral_29,temperate,0.7995616
UAB-T1-6_contig.fa_viral_30,virulent,0.99987465
SC-T1-6_contig.fa_viral_220,temperate,0.99479705
SC-T1-6_contig.fa_viral_227,temperate,0.97082496
SC-T1-6_contig.fa_viral_232,virulent,0.99987465
SC-T1-6_contig.fa_viral_233,temperate,0.8116113
SC-T1-6_contig.fa_viral_234,virulent,0.74078906
SC-T1-6_contig.fa_viral_236,virulent,0.9998693
SC-T1-6_contig.fa_viral_246,temperate,0.71969384
SC-T1-6_contig.fa_viral_253,temperate,0.99986035
SC-T1-6_contig.fa_viral_254,temperate,0.99986035
SC-T1-6_contig.fa_viral_263,virulent,0.9998736
SC-T1-6_contig.fa_viral_38,temperate,0.9994475
SC-T1-6_contig.fa_viral_39,temperate,0.8116113
SC-T1-6_contig.fa_viral_40,temperate,0.89999574
SC-T1-6_contig.fa_viral_47,temperate,0.99986035
SC-T1-6_contig.fa_viral_49,temperate,0.8116113
SC-T1-6_contig.fa_viral_60,temperate,0.8850535
SC-T1-6_contig.fa_viral_61,virulent,0.91759837
SC-T1-6_contig.fa_viral_62,temperate,0.9998579
SC-T1-6_contig.fa_viral_70,temperate,0.50061935
SC-T1-6_contig.fa_viral_71,temperate,0.71969366
SC-T1-6_contig.fa_viral_86,temperate,0.9767174
SC-T1-6_contig.fa_viral_94,temperate,0.99664706
SC-T1-6_contig.fa_viral_96,temperate,0.9767174
SC-T1-6_contig.fa_viral_97,temperate,0.9942981
SC-T1-6_contig.fa_viral_99,virulent,0.99987125
RP-T1-6_contig.fa_viral_361,virulent,0.9998751
RP-T1-6_contig.fa_viral_362,virulent,0.99987465
RP-T1-6_contig.fa_viral_367,temperate,0.99984556
RP-T1-6_contig.fa_viral_368,temperate,0.60787195
RP-T1-6_contig.fa_viral_369,temperate,0.9994475
RP-T1-6_contig.fa_viral_370,virulent,0.9583738
RP-T1-6_contig.fa_viral_373,temperate,0.89586145
RP-T1-6_contig.fa_viral_375,temperate,0.61219805
RP-T1-6_contig.fa_viral_377,virulent,0.9998736
RP-T1-6_contig.fa_viral_379,temperate,0.99985975
RP-T1-6_contig.fa_viral_384,temperate,0.99905413
RP-T1-6_contig.fa_viral_387,virulent,0.99978524
RP-T1-6_contig.fa_viral_388,virulent,0.61196876
RP-T1-6_contig.fa_viral_389,temperate,0.99986035
RP-T1-3_contig.fa_viral_341,temperate,0.9751334
RP-T1-3_contig.fa_viral_344,temperate,0.9060293
RP-T1-3_contig.fa_viral_345,temperate,0.9998145
RP-T1-3_contig.fa_viral_346,virulent,0.6005125
RP-T1-3_contig.fa_viral_347,virulent,0.9788989
RP-T1-3_contig.fa_viral_353,virulent,0.9998651
RP-T1-3_contig.fa_viral_355,virulent,0.9983289
RP-T1-3_contig.fa_viral_356,temperate,0.73502654
RP-T1-3_contig.fa_viral_358,temperate,0.9998593
RP-T1-3_contig.fa_viral_359,virulent,0.99987406
RP-T1-3_contig.fa_viral_371,temperate,0.99985975
RP-T1-3_contig.fa_viral_372,temperate,0.9998513
RP-T1-3_contig.fa_viral_373,temperate,0.99985975
RP-T1-3_contig.fa_viral_374,virulent,0.9998679
RP-T1-3_contig.fa_viral_379,virulent,0.99977493
RP-T1-3_contig.fa_viral_381,temperate,0.9200321
RP-T1-3_contig.fa_viral_389,temperate,0.9990854
RP-T1-3_contig.fa_viral_392,virulent,0.6005125
RP-T1-3_contig.fa_viral_397,temperate,0.89999574
RP-T1-3_contig.fa_viral_398,temperate,0.7383522
RP-T1-3_contig.fa_viral_402,temperate,0.99664706
RP-T1-3_contig.fa_viral_404,virulent,0.9998736
RP-T1-3_contig.fa_viral_410,virulent,0.5162524
RP-T1-3_contig.fa_viral_414,temperate,0.88454175
RP-T1-3_contig.fa_viral_415,virulent,0.8610461
RP-T1-3_contig.fa_viral_416,virulent,0.99987465
RP-T1-3_contig.fa_viral_420,temperate,0.99072707
RP-T1-3_contig.fa_viral_422,virulent,0.57703173
RP-T1-3_contig.fa_viral_425,virulent,0.99987406
RP-T1-3_contig.fa_viral_427,virulent,0.9488496
RP-T1-3_contig.fa_viral_429,virulent,0.99987465
RP-T1-3_contig.fa_viral_432,virulent,0.9973326
RP-T1-3_contig.fa_viral_436,virulent,0.9998727
RP-T1-3_contig.fa_viral_437,temperate,0.9338828
RP-T1-3_contig.fa_viral_438,temperate,0.99978447
HP-T1-3_contig.fa_viral_22,temperate,0.99986035
HP-T1-3_contig.fa_viral_24,temperate,0.99986035
HP-T1-3_contig.fa_viral_28,virulent,0.99987465
HP-T1-3_contig.fa_viral_30,temperate,0.87101704
HP-T1-3_contig.fa_viral_33,temperate,0.9767174
HP-T1-3_contig.fa_viral_34,temperate,0.9556252
HP-T1-3_contig.fa_viral_35,virulent,0.7407891
HP-T1-3_contig.fa_viral_36,temperate,0.99986035
HP-T1-3_contig.fa_viral_38,virulent,0.5965561
HP-T1-3_contig.fa_viral_45,virulent,0.99987465
HP-T1-3_contig.fa_viral_46,temperate,0.9998593
HP-T1-3_contig.fa_viral_50,virulent,0.99987406
HP-T1-3_contig.fa_viral_67,virulent,0.7407891
HP-T1-3_contig.fa_viral_76,virulent,0.57703173
HP-T1-3_contig.fa_viral_78,temperate,0.9767174
HP-T1-3_contig.fa_viral_86,temperate,0.99986035
HP-T1-3_contig.fa_viral_94,virulent,0.99937314
HP-T1-3_contig.fa_viral_95,virulent,0.99987465
HP-T1-3_contig.fa_viral_97,temperate,0.99979925
HP-T1-3_contig.fa_viral_98,temperate,0.82855314
HP-T1-3_contig.fa_viral_99,temperate,0.99985975
HP-T1-3_contig.fa_viral_103,temperate,0.9767174
HP-T1-3_contig.fa_viral_104,temperate,0.9716982
HP-T1-3_contig.fa_viral_105,temperate,0.9998579
HP-T1-3_contig.fa_viral_107,virulent,0.7407891
HP-T1-3_contig.fa_viral_108,temperate,0.97929823
RC-T1-3_contig.fa_viral_60,temperate,0.9998593
RC-T1-3_contig.fa_viral_63,virulent,0.52757573
RP-T1-3_contig.fa_viral_666,temperate,0.958181
RP-T1-3_contig.fa_viral_668,temperate,0.99479705
RP-T1-3_contig.fa_viral_670,virulent,0.99987406
RP-T1-3_contig.fa_viral_683,temperate,0.99479705
RP-T1-3_contig.fa_viral_684,temperate,0.99986035
RP-T1-3_contig.fa_viral_686,temperate,0.6224561
RP-T1-3_contig.fa_viral_687,temperate,0.65042347
RP-T1-3_contig.fa_viral_688,temperate,0.8116113
RP-T1-3_contig.fa_viral_694,temperate,0.6759211
RP-T1-3_contig.fa_viral_697,temperate,0.7414797
RP-T1-3_contig.fa_viral_698,virulent,0.8567588
RP-T1-3_contig.fa_viral_700,virulent,0.9998722
RP-T1-3_contig.fa_viral_703,virulent,0.9488496
RP-T1-3_contig.fa_viral_704,temperate,0.99479705
RP-T1-3_contig.fa_viral_705,temperate,0.99985975
RP-T1-3_contig.fa_viral_708,virulent,0.566376
RP-T1-3_contig.fa_viral_713,virulent,0.965864
RP-T1-3_contig.fa_viral_714,temperate,0.99985975
RP-T1-3_contig.fa_viral_716,temperate,0.99479705
RP-T1-3_contig.fa_viral_724,temperate,0.964809
RP-T1-3_contig.fa_viral_728,virulent,0.6327755
RP-T1-3_contig.fa_viral_729,virulent,0.99975705
RP-T1-3_contig.fa_viral_738,virulent,0.5803324
RP-T1-3_contig.fa_viral_739,temperate,0.998065
RP-T1-3_contig.fa_viral_741,virulent,0.9323867
RP-T1-3_contig.fa_viral_743,temperate,0.76994216
RP-T1-3_contig.fa_viral_747,temperate,0.99479705
RP-T1-3_contig.fa_viral_755,virulent,0.9987863
RP-T1-3_contig.fa_viral_757,temperate,0.83550304
Ex45-T1-9_contig.fa_viral_49,temperate,0.8116113
RP-T1-6_contig.fa_viral_270,temperate,0.9998579
RP-T1-6_contig.fa_viral_271,temperate,0.99984974
RP-T1-6_contig.fa_viral_273,virulent,0.99984974
RP-T1-6_contig.fa_viral_278,virulent,0.9998736
RP-T1-6_contig.fa_viral_280,temperate,0.939242
RP-T1-6_contig.fa_viral_282,temperate,0.9716982
RP-T1-6_contig.fa_viral_283,virulent,0.99987406
RP-T1-6_contig.fa_viral_285,virulent,0.56259906
RP-T1-6_contig.fa_viral_286,virulent,0.99987465
RP-T1-6_contig.fa_viral_288,temperate,0.9994475
RP-T1-6_contig.fa_viral_290,temperate,0.8290595
RP-T1-6_contig.fa_viral_291,temperate,0.9998593
RP-T1-6_contig.fa_viral_292,virulent,0.90090114
RP-T1-6_contig.fa_viral_295,virulent,0.59897906
RP-T1-6_contig.fa_viral_297,virulent,0.85962516
RP-T1-6_contig.fa_viral_298,temperate,0.99985975
RP-T1-6_contig.fa_viral_299,temperate,0.9092501
RP-T1-6_contig.fa_viral_303,temperate,0.99986035
RP-T1-6_contig.fa_viral_307,temperate,0.99986035
RP-T1-6_contig.fa_viral_310,virulent,0.9998736
RP-T1-6_contig.fa_viral_313,temperate,0.93755734
RP-T1-6_contig.fa_viral_316,temperate,0.87650967
RP-T1-6_contig.fa_viral_319,temperate,0.99986035
RP-T1-6_contig.fa_viral_320,virulent,0.995712
RP-T1-6_contig.fa_viral_322,temperate,0.9765475
RP-T1-6_contig.fa_viral_324,temperate,0.8704276
RP-T1-6_contig.fa_viral_327,temperate,0.9767174
RP-T1-6_contig.fa_viral_329,temperate,0.9301843
RP-T1-6_contig.fa_viral_330,temperate,0.9716982
RP-T1-6_contig.fa_viral_332,temperate,0.99985975
RP-T1-6_contig.fa_viral_335,temperate,0.9716982
RP-T1-6_contig.fa_viral_340,virulent,0.8610461
RP-T1-6_contig.fa_viral_342,virulent,0.99983126
RP-T1-6_contig.fa_viral_346,virulent,0.99987465
RP-T1-6_contig.fa_viral_348,virulent,0.92536014
RP-T1-6_contig.fa_viral_353,temperate,0.97926044
RP-T1-6_contig.fa_viral_355,virulent,0.7614954
RP-T1-6_contig.fa_viral_356,virulent,0.99987465
RP-T1-6_contig.fa_viral_357,temperate,0.99986035
11B-T1-3_contig.fa_viral_1,temperate,0.9997267
11B-T1-3_contig.fa_viral_5,temperate,0.9839584
11B-T1-3_contig.fa_viral_8,temperate,0.9716982
11B-T1-3_contig.fa_viral_10,virulent,0.99987465
RP-T1-6_contig.fa_viral_204,virulent,0.99987406
RP-T1-6_contig.fa_viral_205,temperate,0.9002442
RP-T1-6_contig.fa_viral_209,temperate,0.99986035
RP-T1-6_contig.fa_viral_211,virulent,0.99987173
RP-T1-6_contig.fa_viral_221,virulent,0.569625
RP-T1-6_contig.fa_viral_223,temperate,0.99664706
RP-T1-6_contig.fa_viral_229,temperate,0.8595514
RP-T1-6_contig.fa_viral_230,temperate,0.99905413
RP-T1-6_contig.fa_viral_236,temperate,0.7840858
RP-T1-6_contig.fa_viral_237,virulent,0.9951991
RP-T1-6_contig.fa_viral_239,temperate,0.82528156
RP-T1-6_contig.fa_viral_243,temperate,0.8290595
RP-T1-6_contig.fa_viral_245,virulent,0.7611539
RP-T1-6_contig.fa_viral_246,virulent,0.99984604
RP-T1-6_contig.fa_viral_248,virulent,0.99987465
RP-T1-6_contig.fa_viral_253,virulent,0.9987927
RP-T1-6_contig.fa_viral_254,virulent,0.9244853
SC-T1-3_contig.fa_viral_212,virulent,0.7700283
SC-T1-3_contig.fa_viral_217,temperate,0.9392419
SC-T1-3_contig.fa_viral_220,temperate,0.97608644
SC-T1-3_contig.fa_viral_222,temperate,0.9757911
SC-T1-3_contig.fa_viral_223,virulent,0.99987465
SC-T1-3_contig.fa_viral_225,temperate,0.99949896
SC-T1-3_contig.fa_viral_228,temperate,0.99986035
SC-T1-3_contig.fa_viral_229,temperate,0.7633559
SC-T1-3_contig.fa_viral_234,temperate,0.9210343
SC-T1-3_contig.fa_viral_235,temperate,0.9998593
SC-T1-3_contig.fa_viral_241,temperate,0.9977212
SC-T1-3_contig.fa_viral_242,temperate,0.99985975
SC-T1-3_contig.fa_viral_243,virulent,0.65371346
SC-T1-3_contig.fa_viral_245,virulent,0.71823835
SC-T1-3_contig.fa_viral_247,temperate,0.99986035
SC-T1-3_contig.fa_viral_248,temperate,0.99985975
SC-T1-3_contig.fa_viral_252,temperate,0.89999574
SC-T1-3_contig.fa_viral_253,temperate,0.99479705
SC-T1-3_contig.fa_viral_254,temperate,0.957359
RP-T1-3_contig.fa_viral_590,virulent,0.61826473
RP-T1-3_contig.fa_viral_591,temperate,0.9977212
RP-T1-3_contig.fa_viral_593,temperate,0.86777604
RP-T1-3_contig.fa_viral_600,temperate,0.9998593
RP-T1-3_contig.fa_viral_602,virulent,0.9998736
RP-T1-3_contig.fa_viral_605,temperate,0.59022135
RP-T1-3_contig.fa_viral_607,temperate,0.9960104
RP-T1-3_contig.fa_viral_610,temperate,0.929188
RP-T1-3_contig.fa_viral_611,virulent,0.9998736
RP-T1-3_contig.fa_viral_619,virulent,0.9484255
RP-T1-3_contig.fa_viral_626,virulent,0.8521195
RP-T1-3_contig.fa_viral_633,temperate,0.99986035
RP-T1-3_contig.fa_viral_635,virulent,0.6027343
RP-T1-3_contig.fa_viral_638,virulent,0.69200706
RP-T1-3_contig.fa_viral_640,virulent,0.74078906
RP-T1-3_contig.fa_viral_641,virulent,0.99987465
RP-T1-3_contig.fa_viral_642,virulent,0.99987465
RP-T1-3_contig.fa_viral_644,virulent,0.5601092
RP-T1-3_contig.fa_viral_646,virulent,0.99987406
RP-T1-3_contig.fa_viral_650,temperate,0.9998588
RP-T1-3_contig.fa_viral_654,virulent,0.9998751
RP-T1-3_contig.fa_viral_656,temperate,0.9998149
RP-T1-3_contig.fa_viral_658,virulent,0.5217229
RP-T1-3_contig.fa_viral_659,temperate,0.9998584
RP-T1-9_contig.fa_viral_133,virulent,0.6207928
RP-T1-9_contig.fa_viral_137,temperate,0.99985975
RP-T1-9_contig.fa_viral_152,temperate,0.99664706
RP-T1-9_contig.fa_viral_153,virulent,0.99987465
RP-T1-9_contig.fa_viral_154,temperate,0.92027545
RP-T1-9_contig.fa_viral_157,temperate,0.99986035
RP-T1-9_contig.fa_viral_158,temperate,0.7435258
RP-T1-9_contig.fa_viral_167,virulent,0.8275608
RP-T1-9_contig.fa_viral_168,virulent,0.99987465
Ex45-T1-3_contig.fa_viral_59,temperate,0.99479705
Ex45-T1-3_contig.fa_viral_61,temperate,0.99985975
Ex45-T1-3_contig.fa_viral_65,temperate,0.9962156
Ex45-T1-6_contig.fa_viral_3,temperate,0.99479705
Ex45-T1-6_contig.fa_viral_5,virulent,0.9998522
Ex45-T1-6_contig.fa_viral_8,temperate,0.99986035
Ex45-T1-6_contig.fa_viral_11,virulent,0.99987465
Ex45-T1-6_contig.fa_viral_13,virulent,0.5525528
Ex45-T1-6_contig.fa_viral_30,temperate,0.9993403
Ex45-T1-6_contig.fa_viral_31,virulent,0.5269943
Ex45-T1-6_contig.fa_viral_33,temperate,0.71969384
Ex45-T1-6_contig.fa_viral_36,temperate,0.9716982
Ex45-T1-6_contig.fa_viral_49,virulent,0.8953632
Ex45-T1-6_contig.fa_viral_59,virulent,0.9976676
Ex45-T1-6_contig.fa_viral_60,temperate,0.99986035
Ex45-T1-6_contig.fa_viral_62,temperate,0.99986035
Ex45-T1-6_contig.fa_viral_73,temperate,0.99986035
SC-T1-3_contig.fa_viral_104,temperate,0.8355171
SC-T1-3_contig.fa_viral_105,temperate,0.9984334
SC-T1-3_contig.fa_viral_106,temperate,0.99986035
SC-T1-3_contig.fa_viral_107,virulent,0.9998693
SC-T1-3_contig.fa_viral_110,temperate,0.9716982
SC-T1-3_contig.fa_viral_114,virulent,0.99987465
SC-T1-3_contig.fa_viral_118,temperate,0.99985975
SC-T1-3_contig.fa_viral_120,virulent,0.9998693
SC-T1-3_contig.fa_viral_124,virulent,0.5947884
Ex45-T1-9_contig.fa_viral_13,temperate,0.99986035
Ex45-T1-9_contig.fa_viral_15,temperate,0.9969962
Ex45-T1-9_contig.fa_viral_28,virulent,0.65364563
SC-T1-3_contig.fa_viral_4,temperate,0.99986035
SC-T1-3_contig.fa_viral_5,virulent,0.9998608
SC-T1-3_contig.fa_viral_6,virulent,0.65725684
SC-T1-3_contig.fa_viral_8,temperate,0.99985975
SC-T1-3_contig.fa_viral_11,virulent,0.5924402
SC-T1-3_contig.fa_viral_14,temperate,0.9991457
SC-T1-3_contig.fa_viral_16,temperate,0.77311724
SC-T1-3_contig.fa_viral_18,temperate,0.99986035
SC-T1-3_contig.fa_viral_20,temperate,0.999844
SC-T1-3_contig.fa_viral_21,temperate,0.9998593
SC-T1-3_contig.fa_viral_31,virulent,0.9995833
SC-T1-3_contig.fa_viral_32,temperate,0.9998584
SC-T1-3_contig.fa_viral_34,temperate,0.99664706
SC-T1-3_contig.fa_viral_35,temperate,0.99986035
SC-T1-3_contig.fa_viral_36,virulent,0.9940784
SC-T1-3_contig.fa_viral_41,temperate,0.8850535
SC-T1-3_contig.fa_viral_49,temperate,0.9977212
SC-T1-3_contig.fa_viral_50,virulent,0.99415326
SC-T1-3_contig.fa_viral_51,virulent,0.61542445
SC-T1-3_contig.fa_viral_56,virulent,0.74078906
SC-T1-3_contig.fa_viral_59,temperate,0.9716982
SC-T1-3_contig.fa_viral_62,temperate,0.99479705
SC-T1-3_contig.fa_viral_64,temperate,0.99125564
SC-T1-3_contig.fa_viral_66,virulent,0.864987
SC-T1-3_contig.fa_viral_71,temperate,0.8682827
SC-T1-3_contig.fa_viral_72,temperate,0.94783914
RP-T1-3_contig.fa_viral_185,virulent,0.9993103
RP-T1-3_contig.fa_viral_192,temperate,0.568066
RP-T1-3_contig.fa_viral_195,temperate,0.9829365
RP-T1-3_contig.fa_viral_196,virulent,0.99987465
RP-T1-3_contig.fa_viral_197,virulent,0.840829
RP-T1-3_contig.fa_viral_203,temperate,0.99985975
RP-T1-3_contig.fa_viral_204,temperate,0.9998417
RP-T1-3_contig.fa_viral_207,temperate,0.99917734
RP-T1-3_contig.fa_viral_208,virulent,0.99984884
RP-T1-3_contig.fa_viral_210,temperate,0.99986035
RP-T1-3_contig.fa_viral_215,temperate,0.9998588
RP-T1-3_contig.fa_viral_218,virulent,0.9998551
RP-T1-3_contig.fa_viral_219,virulent,0.99987316
RP-T1-3_contig.fa_viral_227,virulent,0.99987465
RP-T1-3_contig.fa_viral_228,virulent,0.9998722
RP-T1-3_contig.fa_viral_232,temperate,0.58004314
RP-T1-3_contig.fa_viral_235,temperate,0.99986035
RP-T1-3_contig.fa_viral_240,temperate,0.99986035
RP-T1-3_contig.fa_viral_241,temperate,0.9998593
RP-T1-3_contig.fa_viral_246,temperate,0.71921396
RP-T1-3_contig.fa_viral_248,virulent,0.9998574
RP-T1-3_contig.fa_viral_250,virulent,0.99987465
RP-T1-3_contig.fa_viral_260,temperate,0.9998465
HP-T1-9_contig.fa_viral_369,virulent,0.8659428
HP-T1-9_contig.fa_viral_372,temperate,0.6280132
HP-T1-9_contig.fa_viral_374,virulent,0.9998551
HP-T1-9_contig.fa_viral_379,temperate,0.99856955
HP-T1-9_contig.fa_viral_383,temperate,0.9716982
HP-T1-9_contig.fa_viral_386,virulent,0.9998699
HP-T1-9_contig.fa_viral_390,temperate,0.99985975
HP-T1-9_contig.fa_viral_393,temperate,0.9990477
RP-T1-3_contig.fa_viral_104,virulent,0.9998693
RP-T1-3_contig.fa_viral_107,virulent,0.99987406
RP-T1-3_contig.fa_viral_108,virulent,0.99987406
RP-T1-3_contig.fa_viral_112,temperate,0.99237007
RP-T1-3_contig.fa_viral_120,temperate,0.99917734
RP-T1-3_contig.fa_viral_136,virulent,0.9998522
RP-T1-3_contig.fa_viral_137,temperate,0.99986035
RP-T1-3_contig.fa_viral_139,virulent,0.9998736
RP-T1-3_contig.fa_viral_145,temperate,0.6207889
RP-T1-3_contig.fa_viral_148,temperate,0.9996372
RP-T1-3_contig.fa_viral_149,temperate,0.99986035
RP-T1-3_contig.fa_viral_152,temperate,0.9998588
RP-T1-3_contig.fa_viral_153,temperate,0.9716982
RP-T1-3_contig.fa_viral_156,virulent,0.9998727
RP-T1-3_contig.fa_viral_158,temperate,0.89999574
RP-T1-3_contig.fa_viral_160,virulent,0.99987173
SC-T1-6_contig.fa_viral_109,temperate,0.9511837
SC-T1-6_contig.fa_viral_111,temperate,0.9889134
SC-T1-6_contig.fa_viral_112,virulent,0.99987465
SC-T1-6_contig.fa_viral_116,temperate,0.7486235
SC-T1-6_contig.fa_viral_122,temperate,0.99479705
SC-T1-6_contig.fa_viral_124,virulent,0.99987465
SC-T1-6_contig.fa_viral_128,temperate,0.8290595
SC-T1-6_contig.fa_viral_130,temperate,0.99986035
SC-T1-6_contig.fa_viral_132,virulent,0.9998565
SC-T1-6_contig.fa_viral_147,temperate,0.9716982
SC-T1-6_contig.fa_viral_148,virulent,0.99987125
SC-T1-6_contig.fa_viral_153,temperate,0.9998588
SC-T1-9_contig.fa_viral_214,temperate,0.99986035
SC-T1-9_contig.fa_viral_216,temperate,0.9530789
SC-T1-9_contig.fa_viral_220,virulent,0.86104625
SC-T1-9_contig.fa_viral_221,temperate,0.99986035
SC-T1-9_contig.fa_viral_33,temperate,0.99986035
SC-T1-9_contig.fa_viral_37,virulent,0.99987465
SC-T1-9_contig.fa_viral_41,temperate,0.9716982
SC-T1-9_contig.fa_viral_42,temperate,0.99986035
SC-T1-9_contig.fa_viral_56,temperate,0.8116113
SC-T1-9_contig.fa_viral_57,virulent,0.99987406
SC-T1-9_contig.fa_viral_62,virulent,0.7854924
SC-T1-9_contig.fa_viral_63,temperate,0.9716982
SC-T1-9_contig.fa_viral_65,virulent,0.9998397
SC-T1-9_contig.fa_viral_66,temperate,0.8116113
SC-T1-9_contig.fa_viral_74,temperate,0.9839584
SC-T1-9_contig.fa_viral_75,virulent,0.5269943
SC-T1-9_contig.fa_viral_83,temperate,0.99986035
SC-T1-9_contig.fa_viral_84,virulent,0.6187888
SC-T1-9_contig.fa_viral_93,temperate,0.9716982
SC-T1-9_contig.fa_viral_100,temperate,0.99479705
SC-T1-9_contig.fa_viral_102,virulent,0.99987316
SC-T1-9_contig.fa_viral_103,temperate,0.99981076
SC-T1-9_contig.fa_viral_111,temperate,0.99983925
SC-T1-9_contig.fa_viral_112,temperate,0.8534412
SC-T1-9_contig.fa_viral_116,temperate,0.99985975
RC-T1-9_contig.fa_viral_60,temperate,0.9985267
RC-T1-9_contig.fa_viral_62,temperate,0.99986035
RC-T1-9_contig.fa_viral_70,temperate,0.71969366
RC-T1-9_contig.fa_viral_73,temperate,0.99986035
RC-T1-9_contig.fa_viral_74,temperate,0.99986035
RC-T1-9_contig.fa_viral_77,temperate,0.99985975
RC-T1-9_contig.fa_viral_78,virulent,0.9998551
RC-T1-9_contig.fa_viral_80,temperate,0.65042347
RC-T1-9_contig.fa_viral_81,temperate,0.99545556
RC-T1-9_contig.fa_viral_84,virulent,0.9998656
RC-T1-9_contig.fa_viral_85,temperate,0.9799877
RC-T1-9_contig.fa_viral_86,virulent,0.5138373
RC-T1-9_contig.fa_viral_89,virulent,0.7618115
RC-T1-9_contig.fa_viral_97,temperate,0.99296653
UAB-T1-9_contig.fa_viral_68,virulent,0.9998617
UAB-T1-9_contig.fa_viral_72,virulent,0.6034174
UAB-T1-9_contig.fa_viral_73,temperate,0.6074376
UAB-T1-9_contig.fa_viral_81,virulent,0.711336
UAB-T1-9_contig.fa_viral_84,temperate,0.99985975
UAB-T1-9_contig.fa_viral_85,virulent,0.99726176
UAB-T1-9_contig.fa_viral_87,temperate,0.9998331
UAB-T1-9_contig.fa_viral_88,temperate,0.8682827
UAB-T1-9_contig.fa_viral_90,temperate,0.87677944
UAB-T1-9_contig.fa_viral_93,temperate,0.9034193
UAB-T1-9_contig.fa_viral_97,temperate,0.99985975
UAB-T1-9_contig.fa_viral_100,temperate,0.99986035
UAB-T1-9_contig.fa_viral_102,virulent,0.89220375
UAB-T1-9_contig.fa_viral_106,temperate,0.99985695
UAB-T1-9_contig.fa_viral_108,temperate,0.9511837
RP-T1-6_contig.fa_viral_60,temperate,0.99857926
RP-T1-6_contig.fa_viral_64,temperate,0.96528
RP-T1-6_contig.fa_viral_65,virulent,0.5392947
RP-T1-6_contig.fa_viral_66,virulent,0.7542712
RP-T1-6_contig.fa_viral_69,virulent,0.999836
RP-T1-6_contig.fa_viral_73,virulent,0.99987465
UAB-T1-9_contig.fa_viral_43,virulent,0.9902585
UAB-T1-9_contig.fa_viral_45,virulent,0.9998693
UAB-T1-9_contig.fa_viral_60,virulent,0.8856558
UAB-T1-9_contig.fa_viral_63,virulent,0.9998736
RP-T1-3_contig.fa_viral_261,temperate,0.99986035
RP-T1-3_contig.fa_viral_262,virulent,0.69210386
RP-T1-3_contig.fa_viral_263,temperate,0.9992274
RP-T1-3_contig.fa_viral_264,virulent,0.99987465
RP-T1-3_contig.fa_viral_266,temperate,0.99985975
RP-T1-3_contig.fa_viral_268,virulent,0.9998331
RP-T1-3_contig.fa_viral_272,temperate,0.87101704
RP-T1-3_contig.fa_viral_273,temperate,0.9998593
RP-T1-3_contig.fa_viral_274,temperate,0.9998365
RP-T1-3_contig.fa_viral_279,temperate,0.9904028
RP-T1-3_contig.fa_viral_283,temperate,0.9823389
RP-T1-3_contig.fa_viral_285,virulent,0.86760455
RP-T1-3_contig.fa_viral_286,temperate,0.99985975
RP-T1-3_contig.fa_viral_290,virulent,0.67040193
RP-T1-3_contig.fa_viral_291,temperate,0.943207
RP-T1-3_contig.fa_viral_296,temperate,0.99985975
RP-T1-3_contig.fa_viral_303,temperate,0.9998593
RP-T1-3_contig.fa_viral_304,virulent,0.52172333
RP-T1-3_contig.fa_viral_307,virulent,0.9998736
RP-T1-3_contig.fa_viral_311,temperate,0.6385933
RP-T1-3_contig.fa_viral_315,virulent,0.99964607
RP-T1-3_contig.fa_viral_316,temperate,0.71420324
RP-T1-3_contig.fa_viral_319,virulent,0.61826473
RP-T1-3_contig.fa_viral_322,virulent,0.99987406
RP-T1-3_contig.fa_viral_323,temperate,0.6264776
RP-T1-3_contig.fa_viral_325,temperate,0.99984217
RP-T1-3_contig.fa_viral_327,temperate,0.9998479
RP-T1-3_contig.fa_viral_329,temperate,0.99986035
RP-T1-3_contig.fa_viral_337,temperate,0.89999574
RP-T1-3_contig.fa_viral_338,temperate,0.99986035
RP-T1-3_contig.fa_viral_339,temperate,0.9992857
RP-T1-3_contig.fa_viral_340,virulent,0.8535132
HP-T1-9_contig.fa_viral_275,temperate,0.6611172
HP-T1-9_contig.fa_viral_277,virulent,0.99983835
HP-T1-9_contig.fa_viral_280,temperate,0.99986035
HP-T1-9_contig.fa_viral_283,temperate,0.99979645
HP-T1-9_contig.fa_viral_284,virulent,0.99987316
HP-T1-9_contig.fa_viral_285,temperate,0.99985975
HP-T1-9_contig.fa_viral_286,temperate,0.9029735
HP-T1-9_contig.fa_viral_288,temperate,0.99986035
HP-T1-9_contig.fa_viral_289,temperate,0.999662
HP-T1-9_contig.fa_viral_290,virulent,0.91759837
HP-T1-9_contig.fa_viral_291,temperate,0.99986035
HP-T1-9_contig.fa_viral_294,virulent,0.7173859
HP-T1-9_contig.fa_viral_298,temperate,0.99986035
HP-T1-9_contig.fa_viral_299,virulent,0.99675936
HP-T1-9_contig.fa_viral_300,virulent,0.9586515
HP-T1-9_contig.fa_viral_301,virulent,0.9998736
HP-T1-9_contig.fa_viral_308,virulent,0.9998736
HP-T1-9_contig.fa_viral_310,virulent,0.61826473
HP-T1-9_contig.fa_viral_311,temperate,0.56512856
HP-T1-9_contig.fa_viral_312,virulent,0.97019887
HP-T1-9_contig.fa_viral_313,temperate,0.9716982
HP-T1-9_contig.fa_viral_317,virulent,0.99987465
HP-T1-9_contig.fa_viral_318,temperate,0.9994185
HP-T1-9_contig.fa_viral_319,temperate,0.9716982
HP-T1-9_contig.fa_viral_324,virulent,0.77255625
HP-T1-9_contig.fa_viral_327,virulent,0.99987465
HP-T1-9_contig.fa_viral_328,virulent,0.94244146
HP-T1-9_contig.fa_viral_329,virulent,0.96782804
HP-T1-9_contig.fa_viral_331,temperate,0.9935144
HP-T1-9_contig.fa_viral_333,temperate,0.999854
HP-T1-9_contig.fa_viral_334,virulent,0.9798056
HP-T1-9_contig.fa_viral_335,virulent,0.9998693
HP-T1-9_contig.fa_viral_337,temperate,0.99986035
HP-T1-9_contig.fa_viral_339,temperate,0.99479705
HP-T1-9_contig.fa_viral_341,virulent,0.99987406
HP-T1-9_contig.fa_viral_342,temperate,0.99864614
HP-T1-9_contig.fa_viral_343,temperate,0.83987075
HP-T1-9_contig.fa_viral_347,temperate,0.89999574
HP-T1-9_contig.fa_viral_348,virulent,0.99987465
HP-T1-9_contig.fa_viral_349,virulent,0.90734303
HP-T1-9_contig.fa_viral_353,virulent,0.9998665
HP-T1-9_contig.fa_viral_354,temperate,0.9998593
HP-T1-9_contig.fa_viral_357,temperate,0.99965537
HP-T1-9_contig.fa_viral_358,temperate,0.71767217
HP-T1-9_contig.fa_viral_364,temperate,0.78719187
HP-T1-9_contig.fa_viral_367,virulent,0.9998436
RP-T1-6_contig.fa_viral_258,temperate,0.87101704
RP-T1-6_contig.fa_viral_261,temperate,0.99985975
RP-T1-6_contig.fa_viral_265,virulent,0.99987465
RP-T1-6_contig.fa_viral_268,temperate,0.8630914
RP-T1-6_contig.fa_viral_269,temperate,0.957359
HP-T1-6_contig.fa_viral_270,virulent,0.5197958
HP-T1-6_contig.fa_viral_272,temperate,0.9889457
HP-T1-6_contig.fa_viral_273,temperate,0.9451934
HP-T1-6_contig.fa_viral_274,virulent,0.66351163
RP-T1-6_contig.fa_viral_458,temperate,0.99986035
RP-T1-6_contig.fa_viral_464,virulent,0.99646807
RP-T1-6_contig.fa_viral_465,temperate,0.9998608
RP-T1-6_contig.fa_viral_468,temperate,0.9966658
RP-T1-6_contig.fa_viral_470,virulent,0.9997802
RP-T1-6_contig.fa_viral_471,temperate,0.9998579
RP-T1-6_contig.fa_viral_474,virulent,0.6553738
RP-T1-6_contig.fa_viral_475,virulent,0.99987465
RP-T1-6_contig.fa_viral_482,temperate,0.99374384
RP-T1-6_contig.fa_viral_487,virulent,0.9997826
RP-T1-6_contig.fa_viral_488,temperate,0.9997053
RP-T1-6_contig.fa_viral_497,temperate,0.7670979
RP-T1-6_contig.fa_viral_501,virulent,0.99987465
RP-T1-6_contig.fa_viral_502,temperate,0.89999574
RP-T1-6_contig.fa_viral_503,temperate,0.9997806
RP-T1-6_contig.fa_viral_507,temperate,0.9996434
RP-T1-6_contig.fa_viral_509,temperate,0.99072707
RP-T1-6_contig.fa_viral_512,virulent,0.6536619
RP-T1-6_contig.fa_viral_514,temperate,0.99857926
RP-T1-6_contig.fa_viral_517,temperate,0.99894154
RP-T1-9_contig.fa_provirus_3,temperate,0.82855314
RP-T1-9_contig.fa_provirus_6,virulent,0.99987465
RP-T1-9_contig.fa_viral_5,virulent,0.99987465
RP-T1-9_contig.fa_viral_21,temperate,0.9668641
RP-T1-9_contig.fa_viral_29,temperate,0.7433524
RP-T1-9_contig.fa_viral_30,temperate,0.957359
RP-T1-9_contig.fa_viral_32,virulent,0.99987465
RP-T1-3_contig.fa_viral_665,virulent,0.99987465
UAB-T1-6_contig.fa_viral_209,temperate,0.9716982
UAB-T1-6_contig.fa_viral_221,temperate,0.9998565
UAB-T1-6_contig.fa_viral_223,virulent,0.99985266
UAB-T1-6_contig.fa_viral_225,virulent,0.9906824
RC-T1-9_contig.fa_viral_103,temperate,0.99986035
RC-T1-9_contig.fa_viral_104,temperate,0.9988875
RC-T1-9_contig.fa_viral_105,virulent,0.86104625
RP-T1-3_contig.fa_provirus_6,temperate,0.9997654
RP-T1-3_contig.fa_provirus_8,temperate,0.9998584
RP-T1-3_contig.fa_provirus_11,virulent,0.99987406
RP-T1-3_contig.fa_provirus_14,temperate,0.99857926
RP-T1-3_contig.fa_provirus_20,temperate,0.99985975
RP-T1-3_contig.fa_provirus_26,virulent,0.7476669
RP-T1-3_contig.fa_viral_4,temperate,0.9716982
RP-T1-3_contig.fa_viral_5,temperate,0.9709964
RP-T1-3_contig.fa_viral_6,temperate,0.7995616
RP-T1-3_contig.fa_viral_8,virulent,0.9998617
RP-T1-3_contig.fa_viral_10,virulent,0.99987465
RP-T1-3_contig.fa_viral_11,virulent,0.6182647
RP-T1-3_contig.fa_viral_19,temperate,0.9623374
RP-T1-3_contig.fa_viral_22,temperate,0.87677944
RP-T1-3_contig.fa_viral_25,virulent,0.99987465
RP-T1-3_contig.fa_viral_28,temperate,0.99479705
RP-T1-3_contig.fa_viral_32,virulent,0.99987465
RP-T1-3_contig.fa_viral_33,temperate,0.99479705
RP-T1-3_contig.fa_viral_34,temperate,0.97353196
RP-T1-3_contig.fa_viral_35,temperate,0.87677944
RP-T1-3_contig.fa_viral_38,virulent,0.99946445
RP-T1-3_contig.fa_viral_39,virulent,0.99985266
